bookshelf,https://i.imgur.com/y8anwW8.jpg
cactus,https://i.imgur.com/nuL4qBK.jpg
cars,https://i.imgur.com/FyIiDq5.jpg
cat_1,https://i.imgur.com/juqbrqa.jpg
cat_2,https://i.imgur.com/UoAy5Yc.jpg
chimney,https://i.imgur.com/IuAQ2H9.jpg
coffee_table,https://i.imgur.com/h2507Qc.jpg
flowerpots,https://i.imgur.com/6yDh88v.jpg
garbage,https://i.imgur.com/ip1Nf7R.jpg
grass,https://i.imgur.com/TfO3Cta.jpg
kitchen,https://i.imgur.com/Xm0Tb28.jpg
letterbox_1,https://i.imgur.com/ZxifrmB.jpg
letterbox_2,https://i.imgur.com/wnCB1Vx.jpg
messy,https://i.imgur.com/r4Ta18Q.jpg
pigeon,https://i.imgur.com/r4Ta18Q.jpg
powerpole,https://i.imgur.com/TFQh6Vn.jpg
road,https://i.imgur.com/5EPxYrW.jpg
rocks,https://i.imgur.com/Uw9BCsk.jpg
shops_1,https://i.imgur.com/bjMzEHg.jpg
shops_2,https://i.imgur.com/4WOQIeB.jpg
sign_1,https://i.imgur.com/8k5m1am.jpg
sign_2,https://i.imgur.com/rj05nqE.jpg
street_1,https://i.imgur.com/5Cy5pH5.jpg
street_2,https://i.imgur.com/eUxQ7Td.jpg
street_3,https://i.imgur.com/Dk6GBnw.jpg
street_signs,https://i.imgur.com/29s51Fg.jpg
trees,https://i.imgur.com/lpgSpDN.jpg
trolley,https://i.imgur.com/zCkfVyh.jpg
workshop_1,https://i.imgur.com/cWmw134.jpg
workshop_2,https://i.imgur.com/hu4mlKM.jpg
